,bg,eq_BG,CGM_glucose,IOB,rate,running_temp,unsafe_action_reason,LBGI,HBGI,BGI,Label,detection
0,60,102,100.0,-1.266,0,0,Null,2.410255627044251,0.0,2.410255627044251,0.0,0
1,60,102,100.0,-1.266,0,0,Null,2.410255627044251,0.0,2.410255627044251,0.0,0
