,bg,eq_BG,CGM_glucose,IOB,rate,running_temp,unsafe_action_reason,LBGI,HBGI,BGI,Label,detection
0,60,102,80.0,-1.266,0,0,Null,20.07676809123889,0.0,20.07676809123889,0.0,0
1,60,102,80.0,-1.266,0,0,Null,20.07676809123889,0.0,20.07676809123889,0.0,0
